Old URL,Old Page Title (as captured),Action,Rationale,Target new route/anchor (SPA — anchors until dedicated routes exist),Priority,Notes
"https://www.keyholesurgeon.co.uk/","Prof. Hemant Sheth | Laparoscopic Surgeon London | Anti Reflux Surgery Hertfordshire",KEEP,"Homepage stays the homepage; content needs rewriting/verification, not redirecting","/ (site root)",High,"Preserve as canonical root; ensure new homepage covers equivalent search intent (name + specialty + location)"
"https://www.keyholesurgeon.co.uk/dr-hemant-sheth-general-laparoscopic-surgeon-hertfordshire-harrow-london/","Prof. Hemant Sheth | General Surgeon Hertfordshire | HPB Surgery Harrow",REDIRECT,"Strong existing SEO equity for name+specialty+location keywords; content maps directly to About section",/#about (or dedicated /about route if created),High,"Do not redirect to homepage root alone — redirect specifically to the About section/route to preserve search intent"
"https://www.keyholesurgeon.co.uk/contact-us-general-laparoscopic-surgeon-hertfordshire-harrow-london/","Contact | Prof. Hemant Sheth...",REDIRECT,"Direct content match to Locations/Contact",/#clinics (or dedicated /contact route),High,"Verify phone numbers and hours before final publish (see location-verification.md)"
"https://www.keyholesurgeon.co.uk/services-general-laparoscopic-surgeon-hertfordshire-harrow-london/","Services",REDIRECT,"Legacy directory content maps to the new Treatments & Specialities overview",/treatments,High,"Use a permanent redirect at migration time; do not send this page to the homepage root"
"https://www.keyholesurgeon.co.uk/upper-gi-procedures-general-laparoscopic-surgeon-hertfordshire-harrow-london/","Upper GI Procedures",REDIRECT,"Legacy category page maps to the new Upper GI category guide",/treatments/upper-gi,High,"Preserves category search intent and links to Upper GI Endoscopy and Anti-Reflux Surgery"
"https://www.keyholesurgeon.co.uk/treatments-for-hpb-disorders-general-laparoscopic-surgeon-hertfordshire-harrow-london/","Treatments for HPB Disorders",REDIRECT,"Legacy HPB category maps to the new HPB category guide",/treatments/hpb,High,"Preserves gallbladder, bile duct, liver and spleen category intent"
"https://www.keyholesurgeon.co.uk/hernia-surgery-procedures-general-laparoscopic-surgeon-hertfordshire-harrow-london/","Hernia Surgery Procedures",REDIRECT,"Legacy hernia category maps to the new Hernia Surgery category guide",/treatments/hernia,High,"Preserves hernia category intent and links to laparoscopic, diaphragmatic and complex incisional hernia pages"
"https://www.keyholesurgeon.co.uk/appendicectomy-procedure-general-laparoscopic-surgeon-hertfordshire-harrow-london/","Appendicectomy Procedure",REDIRECT,"Legacy appendicectomy category/source maps to the new Appendicectomy category guide",/treatments/appendicectomy,Medium,"Dedicated laparoscopic appendicectomy detail page is /treatments/appendicectomy/laparoscopic-appendicectomy"
"https://www.keyholesurgeon.co.uk/patient-education-videos-general-laparoscopic-surgeon-hertfordshire-harrow-london/","Patient Education Videos",INVESTIGATE,"Content not fully crawlable (JS-rendered); do not decide redirect target until re-crawled with a browser tool",TBD,High,"See media-inventory.md item 3"
"https://www.keyholesurgeon.co.uk/conditions-gastroenterology-gastrointestinal-general-laparoscopic-surgeon-hertfordshire-harrow-london/","Gastroenterology Conditions",INVESTIGATE,"Directory page; 16 linked condition pages not yet individually crawled",TBD (likely /#treatments or a future /conditions section),Medium,"Crawl the 16 linked pages before finalising"
"https://www.keyholesurgeon.co.uk/general-conditions-laparoscopic-surgeon-hertfordshire-harrow-london/","General Surgery Conditions",INVESTIGATE,"Directory page; 10 linked condition pages not yet individually crawled",TBD,Medium,"Crawl the 10 linked pages before finalising; note possible duplicate with Incisional Hernia Repair treatment page"
"https://www.keyholesurgeon.co.uk/patient-forms-general-laparoscopic-surgeon-hertfordshire-harrow-london/","Patient Forms",RETIRE,"Legacy page is an empty 'Coming Soon' placeholder with no actual content to preserve",N/A — new Patient Forms content (if any) should be built fresh,Low,"Redirect to a relevant Patient Info anchor if the URL still gets traffic, otherwise let it 404/301 to homepage as a last resort only after confirming no residual traffic"
"https://www.keyholesurgeon.co.uk/first-visit-guide-general-laparoscopic-surgeon-hertfordshire-harrow-london/","First Visit | Prof. Hemant Sheth...",REDIRECT,"Real content exists (what to bring, cancellation policy); maps to Patient Journey content",/#patient-info,Medium,"Rewrite content; do not blank-redirect to homepage"
"https://www.keyholesurgeon.co.uk/post-op-instructions-general-laparoscopic-surgeon-hertfordshire-harrow-london/","Post op Instruction...",REDIRECT,"Real clinical content exists; needs clinical review before republishing, but the URL/intent should be preserved",/#patient-info (or dedicated post-op route),Medium,"CLINICAL REVIEW REQUIRED before content goes live at the new location"
"https://www.keyholesurgeon.co.uk/insurance-info-general-laparoscopic-surgeon-hertfordshire-harrow-london/","Insurance Info...",RETIRE,"Legacy page is an empty 'Coming Soon' placeholder",N/A — new Insurance content should be built fresh and confirmed with the client,Low,"Same treatment as Patient Forms above"
"https://www.keyholesurgeon.co.uk/useful-links-general-laparoscopic-surgeon-hertfordshire-harrow-london/","Useful Links...",MERGE,"Real content (affiliations/resources); low individual traffic value, merge into About/Affiliations content",/#about,Low,"Verify each external link still resolves before merging"
"https://www.keyholesurgeon.co.uk/general-appointment-laparoscopic-surgeon-hertfordshire-harrow-london/","General Appointment...",REDIRECT,"Direct content match to the Appointment/booking flow; high commercial intent, must not be lost",Booking modal trigger, or dedicated /appointment route if created (see task's mention of a missing 'appointment route'),High,"This is a high commercial-intent URL — do not merge into a generic page; give it a specific, direct target"
"https://www.keyholesurgeon.co.uk/general-appointment-laparoscopic-surgeon-hertfordshire-harrow-london/#Online","General Appointment (Online anchor)",REDIRECT,"Same page as above, anchor variant",Same target as above,High,"Same as above"
"https://www.keyholesurgeon.co.uk/upper-gi-endoscopy-general-laparoscopic-surgeon-hertfordshire-harrow-london/","Upper GI Endoscopy",REDIRECT,"Dedicated treatment page with real SEO equity; maps to its own equivalent",/treatments/upper-gi/endoscopy,High,"Never redirect an individual treatment page to the homepage; preserve procedure-specific search intent"
"https://www.keyholesurgeon.co.uk/anti-reflux-surgery-general-laparoscopic-surgeon-hertfordshire-harrow-london/","Anti-Reflux Surgery",REDIRECT,"Dedicated treatment page",/treatments/upper-gi/anti-reflux-surgery,High,"Maps to the Upper GI anti-reflux surgery patient guide"
"https://www.keyholesurgeon.co.uk/laparoscopic-common-bile-duct-exploration-general-laparoscopic-surgeon-hertfordshire-harrow-london/","Laparoscopic Common Bile Duct Exploration",REDIRECT,"Dedicated treatment page",/treatments/hpb/bile-duct-exploration,Medium,"Maps to the HPB bile duct exploration patient guide"
"https://www.keyholesurgeon.co.uk/laparoscopic-liver-resection-general-laparoscopic-surgeon-hertfordshire-harrow-london/","Laparoscopic Liver Resection",REDIRECT,"Dedicated treatment page",/treatments/hpb/benign-liver-disease-surgery,Medium,"Maps to benign liver disease surgery; do not reuse the flagged transplantation sentence"
"https://www.keyholesurgeon.co.uk/splenectomy-general-laparoscopic-surgeon-hertfordshire-harrow-london/","Splenectomy",REDIRECT,"Dedicated treatment page",/treatments/hpb/splenectomy,Medium,"Maps to the HPB laparoscopic splenectomy patient guide"
"https://www.keyholesurgeon.co.uk/laparoscopic-cholecystectomy-general-laparoscopic-surgeon-hertfordshire-harrow-london/","Laparoscopic Cholecystectomy",REDIRECT,"Dedicated treatment page, strongest/most complete legacy content of the 10",/treatments/hpb/gallbladder-surgery,High,"High commercial-intent keyword; maps to gallbladder surgery / laparoscopic cholecystectomy"
"https://www.keyholesurgeon.co.uk/laparoscopic-hernia-repair-tep-and-tapp-general-laparoscopic-surgeon-hertfordshire-harrow-london/","Laparoscopic Hernia Repair Hertfordshire | TAPP Repair| TEP Repair London UK",REDIRECT,"Dedicated treatment page with an existing optimised title tag worth preserving keyword-wise",/treatments/hernia/laparoscopic-hernia-surgery,High,"Maps to laparoscopic hernia surgery and preserves TEP/TAPP content intent"
"https://www.keyholesurgeon.co.uk/surgery-for-diaphragmatic-hernias-general-laparoscopic-surgeon-hertfordshire-harrow-london/","Surgery for Diaphragmatic Hernias",REDIRECT,"Dedicated hernia child page",/treatments/hernia/diaphragmatic-hernia,Medium,"Maps to the diaphragmatic hernia repair patient guide"
"https://www.keyholesurgeon.co.uk/incisional-hernia-repair-general-laparoscopic-surgeon-hertfordshire-harrow-london/","Incisional Hernia Repair",REDIRECT,"Dedicated treatment page, most detailed legacy content found",/treatments/hernia/complex-incisional-hernia,Medium,"Maps to complex incisional hernia; recovery-text mismatch remains excluded pending clinical review"
"https://www.keyholesurgeon.co.uk/incisional-hernia-general-laparoscopic-surgeon-hertfordshire-harrow-london/","Incisional Hernia",REDIRECT,"Overlapping condition/service page for the same modern clinical intent",/treatments/hernia/complex-incisional-hernia,Medium,"Do not create a duplicate modern URL; map both legacy incisional hernia URLs to one route unless a future condition hub is approved"
"https://www.keyholesurgeon.co.uk/appendectomy-general-laparoscopic-surgeon-hertfordshire-harrow-london/","Appendectomy",REDIRECT,"Dedicated treatment page",/treatments/appendicectomy/laparoscopic-appendicectomy,Medium,"Uses British English appendicectomy in the new IA while preserving old appendectomy search intent"
"https://www.keyholesurgeon.co.uk/patient-reviews-testimonials-f14143/","Patient Reviews | Upper GI Specialist London | General Surgeon Hertfordshire",REDIRECT,"Anomalous URL slug ('f14143') but real SEO equity for 'reviews'/'testimonials' search intent; content itself needs consent review before republishing",Dedicated testimonials section/route once TestimonialWall.tsx content is verified,Medium,"Do not redirect this distinctively-slugged URL to the homepage — preserve it explicitly since its non-standard slug makes it easy to lose track of"
"https://www.keyholesurgeon.co.uk/research-and-publications-general-laparoscopic-surgeon-hertfordshire-harrow-london/","Research & Publications | Prof. Sheth | Upper GI Specialist in Harrow UK",REDIRECT,"Real, valuable, mostly-checkable content (20 publications); currently has zero equivalent in the rebuild",Dedicated Research/Publications section/route (to be created),Medium,"High content value — see publication-register.md"
"https://www.keyholesurgeon.co.uk/media-general-laparoscopic-surgeon-hertfordshire-harrow-london/","Media",INVESTIGATE,"Thin hub page; sub-sections (Healthcare News, In the News) not yet crawled",TBD,Low,"Resolve after investigating sub-sections"
"https://www.keyholesurgeon.co.uk/disclaimer/","Disclaimer | Prof. Hemant Sheth...",REDIRECT,"Legal page with real substantive content that must be carried forward in updated form",/disclaimer (new site should keep a dedicated legal route, not an anchor),High,"REWRITE for currency; do not let this URL 404 given its legal function"
"https://www.keyholesurgeon.co.uk/privacy/","Privacy | Prof. Hemant Sheth...",REDIRECT,"Legal page; existing content is NOT UK-GDPR-compliant and must be rewritten, but the URL itself should be preserved/redirected, not retired",/privacy (dedicated route),High,"DO NOT MIGRATE existing wording verbatim — commission a compliant replacement, but keep the URL live"
"https://www.keyholesurgeon.co.uk/sitemap/","Sitemap",KEEP (concept),"New site should publish its own current sitemap.xml rather than migrating the old HTML sitemap page 1:1",/sitemap.xml (technical) + optional human-readable /sitemap page,Low,"Low SEO value as a standalone indexed HTML page; primarily useful as a technical sitemap.xml"
"https://www.keyholesurgeon.co.uk/feedback-general-laparoscopic-surgeon-hertfordshire-harrow-london/","Feedback | Prof. Hemant Sheth...",MERGE,"Low individual traffic value; merge into a general contact mechanism",/#clinics or a general contact form,Low,"Low priority"
"https://www.keyholesurgeon.co.uk/tell-a-friend/","Tell A Friend | Prof. Hemant Sheth...",RETIRE,"Dated 2000s-era web pattern with negligible modern value; native share functionality supersedes it",N/A,Low,"Do not migrate this UX pattern; a 301 to homepage is acceptable here specifically since there is no meaningful content or search intent to preserve"
"https://cpoc.org.uk/","Centre for Perioperative Care (external)",KEEP,"External resource link found via legacy sitemap; verify still relevant/active",External link, no internal redirect needed,Low,"Not a site-owned URL — just confirm it's still an appropriate resource to link to"
"[26 further condition-explainer URLs discovered via the 2 conditions directories — see treatment-content-map.md for the full list]",,INVESTIGATE,"Not individually crawled in this pass; cannot assign a redirect target without knowing their content first",TBD,High,"This is the single largest open item in the SEO migration plan — up to 26 additional indexed URLs may exist that this audit has not yet evaluated. Recommend a dedicated follow-up crawl before finalising any blanket redirect rules."
